rank,annotator,accuracy,avg_kappa,consensus_agreement,n_bias_flags,composite_score
1,annotator_1,0.918,0.6679978330154241,0.91,0,0.7495993499046273
2,annotator_2,0.839,0.6041868413490571,0.838,0,0.6844560524047171
3,annotator_4,0.802,0.5708406987334096,0.799,0,0.651852209620023
4,annotator_3,0.784,0.5581028324425275,0.795,0,0.6400308497327583
5,annotator_5,0.722,0.5042860555216178,0.733,2,0.5766858166564853
