{
  "krippendorff_alpha": {
    "overall": 0.5942478934133353,
    "World": 0.5715616814308987,
    "Sports": 0.624883229284316,
    "Business": 0.5887337871074028,
    "Sci/Tech": 0.5915497082228109
  },
  "fleiss_kappa": 0.5612406205513932
}